image,caption
/content/drive/MyDrive/ml/keds/data/images/1000268201_693b08cb0e.jpg,dummy
/content/drive/MyDrive/ml/keds/data/images/1001773457_577c3a7d70.jpg,dummy
/content/drive/MyDrive/ml/keds/data/images/1002674143_1b742ab4b8.jpg,dummy
/content/drive/MyDrive/ml/keds/data/images/1003163366_44323f5815.jpg,dummy
/content/drive/MyDrive/ml/keds/data/images/1007129816_e794419615.jpg,dummy
/content/drive/MyDrive/ml/keds/data/images/1007320043_627395c3d8.jpg,dummy
/content/drive/MyDrive/ml/keds/data/images/1009434119_febe49276a.jpg,dummy
/content/drive/MyDrive/ml/keds/data/images/1012212859_01547e3f17.jpg,dummy
/content/drive/MyDrive/ml/keds/data/images/1015118661_980735411b.jpg,dummy
/content/drive/MyDrive/ml/keds/data/images/1015584366_dfcec3c85a.jpg,dummy
/content/drive/MyDrive/ml/keds/data/images/101654506_8eb26cfb60.jpg,dummy
/content/drive/MyDrive/ml/keds/data/images/101669240_b2d3e7f17b.jpg,dummy
/content/drive/MyDrive/ml/keds/data/images/1016887272_03199f49c4.jpg,dummy
/content/drive/MyDrive/ml/keds/data/images/1019077836_6fc9b15408.jpg,dummy
/content/drive/MyDrive/ml/keds/data/images/1019604187_d087bf9a5f.jpg,dummy
/content/drive/MyDrive/ml/keds/data/images/1020651753_06077ec457.jpg,dummy
/content/drive/MyDrive/ml/keds/data/images/1022454332_6af2c1449a.jpg,dummy
/content/drive/MyDrive/ml/keds/data/images/1022454428_b6b660a67b.jpg,dummy
/content/drive/MyDrive/ml/keds/data/images/1022975728_75515238d8.jpg,dummy
/content/drive/MyDrive/ml/keds/data/images/102351840_323e3de834.jpg,dummy
/content/drive/MyDrive/ml/keds/data/images/1024138940_f1fefbdce1.jpg,dummy
/content/drive/MyDrive/ml/keds/data/images/102455176_5f8ead62d5.jpg,dummy
/content/drive/MyDrive/ml/keds/data/images/1026685415_0431cbf574.jpg,dummy
/content/drive/MyDrive/ml/keds/data/images/1028205764_7e8df9a2ea.jpg,dummy
/content/drive/MyDrive/ml/keds/data/images/1030985833_b0902ea560.jpg,dummy
/content/drive/MyDrive/ml/keds/data/images/103106960_e8a41d64f8.jpg,dummy
/content/drive/MyDrive/ml/keds/data/images/103195344_5d2dc613a3.jpg,dummy
/content/drive/MyDrive/ml/keds/data/images/103205630_682ca7285b.jpg,dummy
/content/drive/MyDrive/ml/keds/data/images/1032122270_ea6f0beedb.jpg,dummy
/content/drive/MyDrive/ml/keds/data/images/1032460886_4a598ed535.jpg,dummy
/content/drive/MyDrive/ml/keds/data/images/1034276567_49bb87c51c.jpg,dummy
/content/drive/MyDrive/ml/keds/data/images/104136873_5b5d41be75.jpg,dummy
/content/drive/MyDrive/ml/keds/data/images/1042020065_fb3d3ba5ba.jpg,dummy
/content/drive/MyDrive/ml/keds/data/images/1042590306_95dea0916c.jpg,dummy
/content/drive/MyDrive/ml/keds/data/images/1045521051_108ebc19be.jpg,dummy
/content/drive/MyDrive/ml/keds/data/images/1048710776_bb5b0a5c7c.jpg,dummy
/content/drive/MyDrive/ml/keds/data/images/1052358063_eae6744153.jpg,dummy
/content/drive/MyDrive/ml/keds/data/images/105342180_4d4a40b47f.jpg,dummy
/content/drive/MyDrive/ml/keds/data/images/1053804096_ad278b25f1.jpg,dummy
/content/drive/MyDrive/ml/keds/data/images/1055623002_8195a43714.jpg,dummy
/content/drive/MyDrive/ml/keds/data/images/1055753357_4fa3d8d693.jpg,dummy
/content/drive/MyDrive/ml/keds/data/images/1056249424_ef2a2e041c.jpg,dummy
/content/drive/MyDrive/ml/keds/data/images/1056338697_4f7d7ce270.jpg,dummy
/content/drive/MyDrive/ml/keds/data/images/1056359656_662cee0814.jpg,dummy
/content/drive/MyDrive/ml/keds/data/images/1056873310_49c665eb22.jpg,dummy
/content/drive/MyDrive/ml/keds/data/images/1057089366_ca83da0877.jpg,dummy
/content/drive/MyDrive/ml/keds/data/images/1057210460_09c6f4c6c1.jpg,dummy
/content/drive/MyDrive/ml/keds/data/images/1057251835_6ded4ada9c.jpg,dummy
/content/drive/MyDrive/ml/keds/data/images/106490881_5a2dd9b7bd.jpg,dummy
/content/drive/MyDrive/ml/keds/data/images/106514190_bae200f463.jpg,dummy
/content/drive/MyDrive/ml/keds/data/images/1067180831_a59dc64344.jpg,dummy
/content/drive/MyDrive/ml/keds/data/images/1067675215_7336a694d6.jpg,dummy
/content/drive/MyDrive/ml/keds/data/images/1067790824_f3cc97239b.jpg,dummy
/content/drive/MyDrive/ml/keds/data/images/1072153132_53d2bb1b60.jpg,dummy
/content/drive/MyDrive/ml/keds/data/images/107318069_e9f2ef32de.jpg,dummy
/content/drive/MyDrive/ml/keds/data/images/1075716537_62105738b4.jpg,dummy
/content/drive/MyDrive/ml/keds/data/images/107582366_d86f2d3347.jpg,dummy
/content/drive/MyDrive/ml/keds/data/images/1075867198_27ca2e7efe.jpg,dummy
/content/drive/MyDrive/ml/keds/data/images/1075881101_d55c46bece.jpg,dummy
/content/drive/MyDrive/ml/keds/data/images/1077546505_a4f6c4daa9.jpg,dummy
/content/drive/MyDrive/ml/keds/data/images/1077931201_1e0bb83105.jpg,dummy
/content/drive/MyDrive/ml/keds/data/images/1079274291_9aaf896cc1.jpg,dummy
/content/drive/MyDrive/ml/keds/data/images/10815824_2997e03d76.jpg,dummy
/content/drive/MyDrive/ml/keds/data/images/1082252566_8c79beef93.jpg,dummy
/content/drive/MyDrive/ml/keds/data/images/1082379191_ec1e53f996.jpg,dummy
/content/drive/MyDrive/ml/keds/data/images/1084040636_97d9633581.jpg,dummy
/content/drive/MyDrive/ml/keds/data/images/1084104085_3b06223afe.jpg,dummy
/content/drive/MyDrive/ml/keds/data/images/1087168168_70280d024a.jpg,dummy
/content/drive/MyDrive/ml/keds/data/images/1087539207_9f77ab3aaf.jpg,dummy
/content/drive/MyDrive/ml/keds/data/images/1088767354_2acee738cf.jpg,dummy
/content/drive/MyDrive/ml/keds/data/images/108898978_7713be88fc.jpg,dummy
/content/drive/MyDrive/ml/keds/data/images/108899015_bf36131a57.jpg,dummy
/content/drive/MyDrive/ml/keds/data/images/1089181217_ee1167f7af.jpg,dummy
/content/drive/MyDrive/ml/keds/data/images/1089755335_0bfbfd30e6.jpg,dummy
/content/drive/MyDrive/ml/keds/data/images/109202756_b97fcdc62c.jpg,dummy
/content/drive/MyDrive/ml/keds/data/images/109202801_c6381eef15.jpg,dummy
/content/drive/MyDrive/ml/keds/data/images/109260216_85b0be5378.jpg,dummy
/content/drive/MyDrive/ml/keds/data/images/109260218_fca831f933.jpg,dummy
/content/drive/MyDrive/ml/keds/data/images/1093716555_801aacef79.jpg,dummy
/content/drive/MyDrive/ml/keds/data/images/1093737381_b313cd49ff.jpg,dummy
/content/drive/MyDrive/ml/keds/data/images/1094462889_f9966dafa6.jpg,dummy
/content/drive/MyDrive/ml/keds/data/images/1095476286_87d4f8664e.jpg,dummy
/content/drive/MyDrive/ml/keds/data/images/1095580424_76f0aa8a3e.jpg,dummy
/content/drive/MyDrive/ml/keds/data/images/1095590286_c654f7e5a9.jpg,dummy
/content/drive/MyDrive/ml/keds/data/images/1095980313_3c94799968.jpg,dummy
/content/drive/MyDrive/ml/keds/data/images/1096097967_ac305887b4.jpg,dummy
/content/drive/MyDrive/ml/keds/data/images/1096165011_cc5eb16aa6.jpg,dummy
/content/drive/MyDrive/ml/keds/data/images/1096395242_fc69f0ae5a.jpg,dummy
/content/drive/MyDrive/ml/keds/data/images/109671650_f7bbc297fa.jpg,dummy
/content/drive/MyDrive/ml/keds/data/images/109738763_90541ef30d.jpg,dummy
/content/drive/MyDrive/ml/keds/data/images/109738916_236dc456ac.jpg,dummy
/content/drive/MyDrive/ml/keds/data/images/109823394_83fcb735e1.jpg,dummy
/content/drive/MyDrive/ml/keds/data/images/109823395_6fb423a90f.jpg,dummy
/content/drive/MyDrive/ml/keds/data/images/109823397_e35154645f.jpg,dummy
/content/drive/MyDrive/ml/keds/data/images/1100214449_d10861e633.jpg,dummy
/content/drive/MyDrive/ml/keds/data/images/1104133405_c04a00707f.jpg,dummy
/content/drive/MyDrive/ml/keds/data/images/1105959054_9c3a738096.jpg,dummy
/content/drive/MyDrive/ml/keds/data/images/110595925_f3395c8bd6.jpg,dummy
/content/drive/MyDrive/ml/keds/data/images/1107246521_d16a476380.jpg,dummy
/content/drive/MyDrive/ml/keds/data/images/1107471216_4336c9b328.jpg,dummy
